goal,target,indicator,seriesCode,seriesDesc,release,geoAreaCode,geoAreaName,parentCode,parentName,type,ISO3,UN_Member,X,Y,unitsCode,unitsDesc,unitmultiplierCode,unitmultiplierDesc,reportingTypeCode,reportingTypeDesc,valueDetails,footnotes,sources,timeDetails,nature,value_2017,value_latest_year,latest_year,ObjectId
6,6.3,6.3.2,EN_H2O_WBAMBQ,Proportion of bodies of water with good ambient water quality (%),2019.Q2.G.01,4,Afghanistan,34,Southern Asia,Country,AFG,1,66.02688198,33.83160199,,,,,,,,,,,,,,,1
6,6.3,6.3.2,EN_H2O_WBAMBQ,Proportion of bodies of water with good ambient water quality (%),2019.Q2.G.01,8,Albania,39,Southern Europe,Country,ALB,1,20.06660928,41.13897007,,,,,,,,,,,,,,,2
6,6.3,6.3.2,EN_H2O_WBAMBQ,Proportion of bodies of water with good ambient water quality (%),2019.Q2.G.01,10,Antarctica,1,World,Country,ATA,0,21.47585697,-80.40897662,,,,,,,,,,,,,,,3
6,6.3,6.3.2,EN_H2O_WBAMBQ,Proportion of bodies of water with good ambient water quality (%),2019.Q2.G.01,12,Algeria,15,Northern Africa,Country,DZA,1,2.678164227,28.15940032,,,,,,,,,,,,,,,4
6,6.3,6.3.2,EN_H2O_WBAMBQ,Proportion of bodies of water with good ambient water quality (%),2019.Q2.G.01,16,American Samoa,61,Polynesia,Country,ASM,0,-170.7187269,-14.30587306,,,,,,,,,,,,,,,5
6,6.3,6.3.2,EN_H2O_WBAMBQ,Proportion of bodies of water with good ambient water quality (%),2019.Q2.G.01,20,Andorra,39,Southern Europe,Country,AND,1,1.576257417,42.54548611,PERCENT,Percentage,,,G,Global,,,Environment Live,,C: Country data,92.860000,92.860000,2017,6
6,6.3,6.3.2,EN_H2O_WBAMBQ,Proportion of bodies of water with good ambient water quality (%),2019.Q2.G.01,24,Angola,17,Middle Africa,Country,AGO,1,17.57817062,-12.33724746,,,,,,,,,,,,,,,7
6,6.3,6.3.2,EN_H2O_WBAMBQ,Proportion of bodies of water with good ambient water quality (%),2019.Q2.G.01,28,Antigua and Barbuda,29,Caribbean,Country,ATG,1,-61.7999755,17.07761471,,,,,,,,,,,,,,,8
6,6.3,6.3.2,EN_H2O_WBAMBQ,Proportion of bodies of water with good ambient water quality (%),2019.Q2.G.01,31,Azerbaijan,145,Western Asia,Country,AZE,1,50.01064725,40.39229544,,,,,,,,,,,,,,,9
6,6.3,6.3.2,EN_H2O_WBAMBQ,Proportion of bodies of water with good ambient water quality (%),2019.Q2.G.01,32,Argentina,5,South America,Country,ARG,1,-65.14563274,-35.19446255,,,,,,,,,,,,,,,10
6,6.3,6.3.2,EN_H2O_WBAMBQ,Proportion of bodies of water with good ambient water quality (%),2019.Q2.G.01,36,Australia,53,Australia and New Zealand,Country,AUS,1,134.3499412,-25.57717202,,,,,,,,,,,,,,,11
6,6.3,6.3.2,EN_H2O_WBAMBQ,Proportion of bodies of water with good ambient water quality (%),2019.Q2.G.01,40,Austria,155,Western Europe,Country,AUT,1,14.14172472,47.58704857,PERCENT,Percentage,,,G,Global,,,Environment Live,,C: Country data,80.440000,80.440000,2017,12
6,6.3,6.3.2,EN_H2O_WBAMBQ,Proportion of bodies of water with good ambient water quality (%),2019.Q2.G.01,44,Bahamas,29,Caribbean,Country,BHS,1,-78.05111663,24.69546597,,,,,,,,,,,,,,,13
6,6.3,6.3.2,EN_H2O_WBAMBQ,Proportion of bodies of water with good ambient water quality (%),2019.Q2.G.01,48,Bahrain,145,Western Asia,Country,BHR,1,50.5490754,26.04407747,,,,,,,,,,,,,,,14
6,6.3,6.3.2,EN_H2O_WBAMBQ,Proportion of bodies of water with good ambient water quality (%),2019.Q2.G.01,50,Bangladesh,34,Southern Asia,Country,BGD,1,89.17660788,22.86961622,,,,,,,,,,,,,,,15
6,6.3,6.3.2,EN_H2O_WBAMBQ,Proportion of bodies of water with good ambient water quality (%),2019.Q2.G.01,51,Armenia,145,Western Asia,Country,ARM,1,44.93839317,40.29499741,,,,,,,,,,,,,,,16
6,6.3,6.3.2,EN_H2O_WBAMBQ,Proportion of bodies of water with good ambient water quality (%),2019.Q2.G.01,52,Barbados,29,Caribbean,Country,BRB,1,-59.5346489,13.13648273,,,,,,,,,,,,,,,17
6,6.3,6.3.2,EN_H2O_WBAMBQ,Proportion of bodies of water with good ambient water quality (%),2019.Q2.G.01,56,Belgium,155,Western Europe,Country,BEL,1,4.660976456,50.64104975,,,,,,,,,,,,,,,18
6,6.3,6.3.2,EN_H2O_WBAMBQ,Proportion of bodies of water with good ambient water quality (%),2019.Q2.G.01,60,Bermuda,21,Northern America,Country,BMU,0,-64.78155012,32.27881922,,,,,,,,,,,,,,,19
6,6.3,6.3.2,EN_H2O_WBAMBQ,Proportion of bodies of water with good ambient water quality (%),2019.Q2.G.01,64,Bhutan,34,Southern Asia,Country,BTN,1,90.45098484,27.39598568,,,,,,,,,,,,,,,20
6,6.3,6.3.2,EN_H2O_WBAMBQ,Proportion of bodies of water with good ambient water quality (%),2019.Q2.G.01,68,Bolivia (Plurinational State of),5,South America,Country,BOL,1,-64.66224284,-16.71273412,,,,,,,,,,,,,,,21
6,6.3,6.3.2,EN_H2O_WBAMBQ,Proportion of bodies of water with good ambient water quality (%),2019.Q2.G.01,70,Bosnia and Herzegovina,39,Southern Europe,Country,BIH,1,17.78584332,44.16845548,,,,,,,,,,,,,,,22
6,6.3,6.3.2,EN_H2O_WBAMBQ,Proportion of bodies of water with good ambient water quality (%),2019.Q2.G.01,72,Botswana,18,Southern Africa,Country,BWA,1,23.81380223,-22.18810073,PERCENT,Percentage,,,G,Global,,,Environment Live,,C: Country data,50,50,2017,23
6,6.3,6.3.2,EN_H2O_WBAMBQ,Proportion of bodies of water with good ambient water quality (%),2019.Q2.G.01,74,Bouvet Island,5,South America,Country,BVT,0,3.410732868,-54.43295905,,,,,,,,,,,,,,,24
6,6.3,6.3.2,EN_H2O_WBAMBQ,Proportion of bodies of water with good ambient water quality (%),2019.Q2.G.01,438,Liechtenstein,155,Western Europe,Country,LIE,1,9.552985019,47.14167005,PERCENT,Percentage,,,G,Global,,,Environment Live,,C: Country data,80,80,2017,25
6,6.3,6.3.2,EN_H2O_WBAMBQ,Proportion of bodies of water with good ambient water quality (%),2019.Q2.G.01,76,Brazil,5,South America,Country,BRA,1,-53.08432878,-10.77668561,PERCENT,Percentage,,,G,Global,,,Environment Live,,C: Country data,73.320000,73.320000,2017,26
6,6.3,6.3.2,EN_H2O_WBAMBQ,Proportion of bodies of water with good ambient water quality (%),2019.Q2.G.01,84,Belize,13,Central America,Country,BLZ,1,-88.70199554,17.19965901,,,,,,,,,,,,,,,27
6,6.3,6.3.2,EN_H2O_WBAMBQ,Proportion of bodies of water with good ambient water quality (%),2019.Q2.G.01,86,British Indian Ocean Territory,14,Eastern Africa,Country,IOT,0,72.38715553,-7.299281071,,,,,,,,,,,,,,,28
6,6.3,6.3.2,EN_H2O_WBAMBQ,Proportion of bodies of water with good ambient water quality (%),2019.Q2.G.01,90,Solomon Islands,54,Melanesia,Country,SLB,1,160.1584117,-9.622391719,,,,,,,,,,,,,,,29
6,6.3,6.3.2,EN_H2O_WBAMBQ,Proportion of bodies of water with good ambient water quality (%),2019.Q2.G.01,92,British Virgin Islands,29,Caribbean,Country,VGB,0,-64.63294223,18.42256578,,,,,,,,,,,,,,,30
6,6.3,6.3.2,EN_H2O_WBAMBQ,Proportion of bodies of water with good ambient water quality (%),2019.Q2.G.01,96,Brunei Darussalam,35,South-Eastern Asia,Country,BRN,1,114.6288563,4.49736984,,,,,,,,,,,,,,,31
6,6.3,6.3.2,EN_H2O_WBAMBQ,Proportion of bodies of water with good ambient water quality (%),2019.Q2.G.01,100,Bulgaria,151,Eastern Europe,Country,BGR,1,25.23763153,42.75731323,,,,,,,,,,,,,,,32
6,6.3,6.3.2,EN_H2O_WBAMBQ,Proportion of bodies of water with good ambient water quality (%),2019.Q2.G.01,104,Myanmar,35,South-Eastern Asia,Country,MMR,1,96.51752295,21.19332882,,,,,,,,,,,,,,,33
6,6.3,6.3.2,EN_H2O_WBAMBQ,Proportion of bodies of water with good ambient water quality (%),2019.Q2.G.01,108,Burundi,14,Eastern Africa,Country,BDI,1,29.89080992,-3.366387428,,,,,,,,,,,,,,,34
6,6.3,6.3.2,EN_H2O_WBAMBQ,Proportion of bodies of water with good ambient water quality (%),2019.Q2.G.01,112,Belarus,151,Eastern Europe,Country,BLR,1,28.04940161,53.54193075,,,,,,,,,,,,,,,35
6,6.3,6.3.2,EN_H2O_WBAMBQ,Proportion of bodies of water with good ambient water quality (%),2019.Q2.G.01,116,Cambodia,35,South-Eastern Asia,Country,KHM,1,104.922836,12.71163737,,,,,,,,,,,,,,,36
6,6.3,6.3.2,EN_H2O_WBAMBQ,Proportion of bodies of water with good ambient water quality (%),2019.Q2.G.01,120,Cameroon,17,Middle Africa,Country,CMR,1,12.7419827,5.692387031,,,,,,,,,,,,,,,37
6,6.3,6.3.2,EN_H2O_WBAMBQ,Proportion of bodies of water with good ambient water quality (%),2019.Q2.G.01,124,Canada,21,Northern America,Country,CAN,1,-101.6575058,57.72360191,,,,,,,,,,,,,,,38
6,6.3,6.3.2,EN_H2O_WBAMBQ,Proportion of bodies of water with good ambient water quality (%),2019.Q2.G.01,132,Cabo Verde,11,Western Africa,Country,CPV,1,-23.63544151,15.07791834,,,,,,,,,,,,,,,39
6,6.3,6.3.2,EN_H2O_WBAMBQ,Proportion of bodies of water with good ambient water quality (%),2019.Q2.G.01,136,Cayman Islands,29,Caribbean,Country,CYM,0,-81.16740559,19.32266656,,,,,,,,,,,,,,,40
6,6.3,6.3.2,EN_H2O_WBAMBQ,Proportion of bodies of water with good ambient water quality (%),2019.Q2.G.01,140,Central African Republic,17,Middle Africa,Country,CAF,1,20.93559492,7.003720791,,,,,,,,,,,,,,,41
6,6.3,6.3.2,EN_H2O_WBAMBQ,Proportion of bodies of water with good ambient water quality (%),2019.Q2.G.01,144,Sri Lanka,34,Southern Asia,Country,LKA,1,80.70489654,7.614693343,,,,,,,,,,,,,,,42
6,6.3,6.3.2,EN_H2O_WBAMBQ,Proportion of bodies of water with good ambient water quality (%),2019.Q2.G.01,148,Chad,17,Middle Africa,Country,TCD,1,18.66618401,15.36279341,,,,,,,,,,,,,,,43
6,6.3,6.3.2,EN_H2O_WBAMBQ,Proportion of bodies of water with good ambient water quality (%),2019.Q2.G.01,152,Chile,5,South America,Country,CHL,1,-71.23029019,-35.2652885,,,,,,,,,,,,,,,44
6,6.3,6.3.2,EN_H2O_WBAMBQ,Proportion of bodies of water with good ambient water quality (%),2019.Q2.G.01,156,China,30,Eastern Asia,Country,CHN,1,104.1403375,32.30955217,,,,,,,,,,,,,,,45
6,6.3,6.3.2,EN_H2O_WBAMBQ,Proportion of bodies of water with good ambient water quality (%),2019.Q2.G.01,162,Christmas Island,53,Australia and New Zealand,Country,CXR,0,105.6426067,-10.4882473,,,,,,,,,,,,,,,46
6,6.3,6.3.2,EN_H2O_WBAMBQ,Proportion of bodies of water with good ambient water quality (%),2019.Q2.G.01,166,Cocos (Keeling) Islands,53,Australia and New Zealand,Country,CCK,0,96.82633757,-12.18600682,,,,,,,,,,,,,,,47
6,6.3,6.3.2,EN_H2O_WBAMBQ,Proportion of bodies of water with good ambient water quality (%),2019.Q2.G.01,170,Colombia,5,South America,Country,COL,1,-73.07446751,3.888209046,,,,,,,,,,,,,,,48
6,6.3,6.3.2,EN_H2O_WBAMBQ,Proportion of bodies of water with good ambient water quality (%),2019.Q2.G.01,174,Comoros,14,Eastern Africa,Country,COM,1,43.34234565,-11.66121732,,,,,,,,,,,,,,,49
6,6.3,6.3.2,EN_H2O_WBAMBQ,Proportion of bodies of water with good ambient water quality (%),2019.Q2.G.01,175,Mayotte,14,Eastern Africa,Country,MYT,0,45.14015057,-12.82217691,,,,,,,,,,,,,,,50
6,6.3,6.3.2,EN_H2O_WBAMBQ,Proportion of bodies of water with good ambient water quality (%),2019.Q2.G.01,178,Congo,11,Western Africa,Country,COG,1,15.22052612,-0.840544119,,,,,,,,,,,,,,,51
6,6.3,6.3.2,EN_H2O_WBAMBQ,Proportion of bodies of water with good ambient water quality (%),2019.Q2.G.01,180,Democratic Republic of the Congo,17,Middle Africa,Country,COD,1,23.65496507,-2.877154732,,,,,,,,,,,,,,,52
6,6.3,6.3.2,EN_H2O_WBAMBQ,Proportion of bodies of water with good ambient water quality (%),2019.Q2.G.01,184,Cook Islands,61,Polynesia,Country,COK,0,-159.7711391,-21.22696458,,,,,,,,,,,,,,,53
6,6.3,6.3.2,EN_H2O_WBAMBQ,Proportion of bodies of water with good ambient water quality (%),2019.Q2.G.01,188,Costa Rica,13,Central America,Country,CRI,1,-84.19712782,9.970998683,,,,,,,,,,,,,,,54
6,6.3,6.3.2,EN_H2O_WBAMBQ,Proportion of bodies of water with good ambient water quality (%),2019.Q2.G.01,191,Croatia,39,Southern Europe,Country,HRV,1,17.95874553,45.45172212,,,,,,,,,,,,,,,55
6,6.3,6.3.2,EN_H2O_WBAMBQ,Proportion of bodies of water with good ambient water quality (%),2019.Q2.G.01,192,Cuba,29,Caribbean,Country,CUB,1,-79.54460144,22.10030366,,,,,,,,,,,,,,,56
6,6.3,6.3.2,EN_H2O_WBAMBQ,Proportion of bodies of water with good ambient water quality (%),2019.Q2.G.01,196,Cyprus,145,Western Asia,Country,CYP,1,33.22285964,35.05659437,,,,,,,,,,,,,,,57
6,6.3,6.3.2,EN_H2O_WBAMBQ,Proportion of bodies of water with good ambient water quality (%),2019.Q2.G.01,203,Czechia,151,Eastern Europe,Country,CZE,1,15.33151382,49.73913871,,,,,,,,,,,,,,,58
6,6.3,6.3.2,EN_H2O_WBAMBQ,Proportion of bodies of water with good ambient water quality (%),2019.Q2.G.01,204,Benin,11,Western Africa,Country,BEN,1,2.339933594,9.65401646,,,,,,,,,,,,,,,59
6,6.3,6.3.2,EN_H2O_WBAMBQ,Proportion of bodies of water with good ambient water quality (%),2019.Q2.G.01,208,Denmark,154,Northern Europe,Country,DNK,1,9.326571283,56.03829721,,,,,,,,,,,,,,,60
6,6.3,6.3.2,EN_H2O_WBAMBQ,Proportion of bodies of water with good ambient water quality (%),2019.Q2.G.01,212,Dominica,29,Caribbean,Country,DMA,1,-61.3493756,15.43391378,,,,,,,,,,,,,,,61
6,6.3,6.3.2,EN_H2O_WBAMBQ,Proportion of bodies of water with good ambient water quality (%),2019.Q2.G.01,214,Dominican Republic,29,Caribbean,Country,DOM,1,-70.49847576,18.89832088,,,,,,,,,,,,,,,62
6,6.3,6.3.2,EN_H2O_WBAMBQ,Proportion of bodies of water with good ambient water quality (%),2019.Q2.G.01,218,Ecuador,5,South America,Country,ECU,1,-78.37005241,-1.447785891,,,,,,,,,,,,,,,63
6,6.3,6.3.2,EN_H2O_WBAMBQ,Proportion of bodies of water with good ambient water quality (%),2019.Q2.G.01,222,El Salvador,13,Central America,Country,SLV,1,-88.86862995,13.73603564,PERCENT,Percentage,,,G,Global,,,Environment Live,,C: Country data,43.330000,43.330000,2017,64
6,6.3,6.3.2,EN_H2O_WBAMBQ,Proportion of bodies of water with good ambient water quality (%),2019.Q2.G.01,226,Equatorial Guinea,17,Middle Africa,Country,GNQ,1,10.46535826,1.565792376,,,,,,,,,,,,,,,65
6,6.3,6.3.2,EN_H2O_WBAMBQ,Proportion of bodies of water with good ambient water quality (%),2019.Q2.G.01,231,Ethiopia,14,Eastern Africa,Country,ETH,1,39.63505296,8.631223181,,,,,,,,,,,,,,,66
6,6.3,6.3.2,EN_H2O_WBAMBQ,Proportion of bodies of water with good ambient water quality (%),2019.Q2.G.01,232,Eritrea,14,Eastern Africa,Country,ERI,1,38.11074289,16.12894644,,,,,,,,,,,,,,,67
6,6.3,6.3.2,EN_H2O_WBAMBQ,Proportion of bodies of water with good ambient water quality (%),2019.Q2.G.01,233,Estonia,154,Northern Europe,Country,EST,1,25.84093481,58.68487172,PERCENT,Percentage,,,G,Global,,,Environment Live,,C: Country data,100,100,2017,68
6,6.3,6.3.2,EN_H2O_WBAMBQ,Proportion of bodies of water with good ambient water quality (%),2019.Q2.G.01,234,Faroe Islands,154,Northern Europe,Country,FRO,0,-7.122044325,62.21228119,,,,,,,,,,,,,,,69
6,6.3,6.3.2,EN_H2O_WBAMBQ,Proportion of bodies of water with good ambient water quality (%),2019.Q2.G.01,238,Falkland Islands (Malvinas),5,South America,Country,FLK,0,-58.75246778,-51.74562601,,,,,,,,,,,,,,,70
6,6.3,6.3.2,EN_H2O_WBAMBQ,Proportion of bodies of water with good ambient water quality (%),2019.Q2.G.01,239,South Georgia and the South Sandwich Islands,5,South America,Country,SGS,0,-36.90662765,-54.20736749,,,,,,,,,,,,,,,71
6,6.3,6.3.2,EN_H2O_WBAMBQ,Proportion of bodies of water with good ambient water quality (%),2019.Q2.G.01,242,Fiji,54,Melanesia,Country,FJI,1,177.9660884,-17.83301566,PERCENT,Percentage,,,G,Global,,,Environment Live,,C: Country data,100,100,2017,72
6,6.3,6.3.2,EN_H2O_WBAMBQ,Proportion of bodies of water with good ambient water quality (%),2019.Q2.G.01,246,Finland,154,Northern Europe,Country,FIN,1,23.308447,61.91586738,PERCENT,Percentage,,,G,Global,,,Environment Live,,C: Country data,76.060000,76.060000,2017,73
6,6.3,6.3.2,EN_H2O_WBAMBQ,Proportion of bodies of water with good ambient water quality (%),2019.Q2.G.01,248,Åland Islands,154,Northern Europe,Country,ALA,0,19.80945969,60.1544901,,,,,,,,,,,,,,,74
6,6.3,6.3.2,EN_H2O_WBAMBQ,Proportion of bodies of water with good ambient water quality (%),2019.Q2.G.01,250,France,155,Western Europe,Country,FRA,1,2.457288129,46.62660861,,,,,,,,,,,,,,,75
6,6.3,6.3.2,EN_H2O_WBAMBQ,Proportion of bodies of water with good ambient water quality (%),2019.Q2.G.01,254,French Guiana,5,South America,Country,GUF,0,-53.23619089,3.922673437,,,,,,,,,,,,,,,76
6,6.3,6.3.2,EN_H2O_WBAMBQ,Proportion of bodies of water with good ambient water quality (%),2019.Q2.G.01,258,French Polynesia,61,Polynesia,Country,PYF,0,-149.4052367,-17.67709294,,,,,,,,,,,,,,,77
6,6.3,6.3.2,EN_H2O_WBAMBQ,Proportion of bodies of water with good ambient water quality (%),2019.Q2.G.01,260,French Southern Territories,14,Eastern Africa,Country,ATF,0,69.64849091,-49.6068576,,,,,,,,,,,,,,,78
6,6.3,6.3.2,EN_H2O_WBAMBQ,Proportion of bodies of water with good ambient water quality (%),2019.Q2.G.01,262,Djibouti,14,Eastern Africa,Country,DJI,1,42.18274707,11.56004161,,,,,,,,,,,,,,,79
6,6.3,6.3.2,EN_H2O_WBAMBQ,Proportion of bodies of water with good ambient water quality (%),2019.Q2.G.01,266,Gabon,17,Middle Africa,Country,GAB,1,11.78727747,-0.60687619,,,,,,,,,,,,,,,80
6,6.3,6.3.2,EN_H2O_WBAMBQ,Proportion of bodies of water with good ambient water quality (%),2019.Q2.G.01,268,Georgia,145,Western Asia,Country,GEO,1,43.3713615,42.04813028,,,,,,,,,,,,,,,81
6,6.3,6.3.2,EN_H2O_WBAMBQ,Proportion of bodies of water with good ambient water quality (%),2019.Q2.G.01,270,Gambia,11,Western Africa,Country,GMB,1,-15.39944785,13.45295927,,,,,,,,,,,,,,,82
6,6.3,6.3.2,EN_H2O_WBAMBQ,Proportion of bodies of water with good ambient water quality (%),2019.Q2.G.01,275,State of Palestine,145,Western Asia,Country,PSE,0,35.25694122,31.94347933,,,,,,,,,,,,,,,83
6,6.3,6.3.2,EN_H2O_WBAMBQ,Proportion of bodies of water with good ambient water quality (%),2019.Q2.G.01,276,Germany,155,Western Europe,Country,DEU,1,10.3806066,51.08862743,PERCENT,Percentage,,,G,Global,,,Environment Live,,C: Country data,38.990000,38.990000,2017,84
6,6.3,6.3.2,EN_H2O_WBAMBQ,Proportion of bodies of water with good ambient water quality (%),2019.Q2.G.01,288,Ghana,11,Western Africa,Country,GHA,1,-1.205623522,7.964825185,,,,,,,,,,,,,,,85
6,6.3,6.3.2,EN_H2O_WBAMBQ,Proportion of bodies of water with good ambient water quality (%),2019.Q2.G.01,292,Gibraltar,39,Southern Europe,Country,GIB,0,-5.347561686,36.13895036,,,,,,,,,,,,,,,86
6,6.3,6.3.2,EN_H2O_WBAMBQ,Proportion of bodies of water with good ambient water quality (%),2019.Q2.G.01,296,Kiribati,57,Micronesia,Country,KIR,1,-157.5643005,1.768837732,,,,,,,,,,,,,,,87
6,6.3,6.3.2,EN_H2O_WBAMBQ,Proportion of bodies of water with good ambient water quality (%),2019.Q2.G.01,300,Greece,39,Southern Europe,Country,GRC,1,22.58307827,39.47301873,,,,,,,,,,,,,,,88
6,6.3,6.3.2,EN_H2O_WBAMBQ,Proportion of bodies of water with good ambient water quality (%),2019.Q2.G.01,304,Greenland,21,Northern America,Country,GRL,0,-41.39371316,74.75625681,,,,,,,,,,,,,,,89
6,6.3,6.3.2,EN_H2O_WBAMBQ,Proportion of bodies of water with good ambient water quality (%),2019.Q2.G.01,308,Grenada,29,Caribbean,Country,GRD,1,-61.68248568,12.11238395,,,,,,,,,,,,,,,90
6,6.3,6.3.2,EN_H2O_WBAMBQ,Proportion of bodies of water with good ambient water quality (%),2019.Q2.G.01,312,Guadeloupe,29,Caribbean,Country,GLP,0,-61.64762115,16.14416917,,,,,,,,,,,,,,,91
6,6.3,6.3.2,EN_H2O_WBAMBQ,Proportion of bodies of water with good ambient water quality (%),2019.Q2.G.01,316,Guam,57,Micronesia,Country,GUM,0,144.7029305,13.35485404,,,,,,,,,,,,,,,92
6,6.3,6.3.2,EN_H2O_WBAMBQ,Proportion of bodies of water with good ambient water quality (%),2019.Q2.G.01,320,Guatemala,13,Central America,Country,GTM,1,-91.2312746,15.00273719,,,,,,,,,,,,,,,93
6,6.3,6.3.2,EN_H2O_WBAMBQ,Proportion of bodies of water with good ambient water quality (%),2019.Q2.G.01,324,Guinea,11,Western Africa,Country,GIN,1,-11.28173419,11.00210343,,,,,,,,,,,,,,,94
6,6.3,6.3.2,EN_H2O_WBAMBQ,Proportion of bodies of water with good ambient water quality (%),2019.Q2.G.01,328,Guyana,5,South America,Country,GUY,1,-58.97322037,4.788012784,,,,,,,,,,,,,,,95
6,6.3,6.3.2,EN_H2O_WBAMBQ,Proportion of bodies of water with good ambient water quality (%),2019.Q2.G.01,332,Haiti,29,Caribbean,Country,HTI,1,-72.33640958,18.40426539,,,,,,,,,,,,,,,96
6,6.3,6.3.2,EN_H2O_WBAMBQ,Proportion of bodies of water with good ambient water quality (%),2019.Q2.G.01,334,Heard Island and McDonald Islands,53,Australia and New Zealand,Country,HMD,0,73.52633626,-53.09106147,,,,,,,,,,,,,,,97
6,6.3,6.3.2,EN_H2O_WBAMBQ,Proportion of bodies of water with good ambient water quality (%),2019.Q2.G.01,336,Holy See,39,Southern Europe,Country,VAT,0,12.45315803,41.90343751,,,,,,,,,,,,,,,98
6,6.3,6.3.2,EN_H2O_WBAMBQ,Proportion of bodies of water with good ambient water quality (%),2019.Q2.G.01,340,Honduras,13,Central America,Country,HND,1,-86.59974381,14.82243161,,,,,,,,,,,,,,,99
6,6.3,6.3.2,EN_H2O_WBAMBQ,Proportion of bodies of water with good ambient water quality (%),2019.Q2.G.01,344,"China, Hong Kong Special Administrative Region",30,Eastern Asia,Country,HKG,0,114.0266445,22.41749934,,,,,,,,,,,,,,,100
6,6.3,6.3.2,EN_H2O_WBAMBQ,Proportion of bodies of water with good ambient water quality (%),2019.Q2.G.01,348,Hungary,151,Eastern Europe,Country,HUN,1,19.41221519,47.1651448,PERCENT,Percentage,,,G,Global,,,Environment Live,,C: Country data,57.660000,57.660000,2017,101
6,6.3,6.3.2,EN_H2O_WBAMBQ,Proportion of bodies of water with good ambient water quality (%),2019.Q2.G.01,352,Iceland,154,Northern Europe,Country,ISL,1,-19.02116966,64.79134763,,,,,,,,,,,,,,,102
6,6.3,6.3.2,EN_H2O_WBAMBQ,Proportion of bodies of water with good ambient water quality (%),2019.Q2.G.01,356,India,34,Southern Asia,Country,IND,1,79.3608464,22.34642074,,,,,,,,,,,,,,,103
6,6.3,6.3.2,EN_H2O_WBAMBQ,Proportion of bodies of water with good ambient water quality (%),2019.Q2.G.01,360,Indonesia,35,South-Eastern Asia,Country,IDN,1,113.9174,-0.994582204,,,,,,,,,,,,,,,104
6,6.3,6.3.2,EN_H2O_WBAMBQ,Proportion of bodies of water with good ambient water quality (%),2019.Q2.G.01,364,Iran (Islamic Republic of),34,Southern Asia,Country,IRN,1,54.19766348,32.74370885,,,,,,,,,,,,,,,105
6,6.3,6.3.2,EN_H2O_WBAMBQ,Proportion of bodies of water with good ambient water quality (%),2019.Q2.G.01,368,Iraq,145,Western Asia,Country,IRQ,1,43.76606267,33.05013795,,,,,,,,,,,,,,,106
6,6.3,6.3.2,EN_H2O_WBAMBQ,Proportion of bodies of water with good ambient water quality (%),2019.Q2.G.01,372,Ireland,154,Northern Europe,Country,IRL,1,-7.121425272,53.25274054,PERCENT,Percentage,,,G,Global,,,Environment Live,,C: Country data,61.690000,61.690000,2017,107
6,6.3,6.3.2,EN_H2O_WBAMBQ,Proportion of bodies of water with good ambient water quality (%),2019.Q2.G.01,376,Israel,145,Western Asia,Country,ISR,1,34.62277992,31.06164552,,,,,,,,,,,,,,,108
6,6.3,6.3.2,EN_H2O_WBAMBQ,Proportion of bodies of water with good ambient water quality (%),2019.Q2.G.01,380,Italy,39,Southern Europe,Country,ITA,1,12.57022427,42.79917282,,,,,,,,,,,,,,,109
6,6.3,6.3.2,EN_H2O_WBAMBQ,Proportion of bodies of water with good ambient water quality (%),2019.Q2.G.01,384,Côte d'Ivoire,11,Western Africa,Country,CIV,1,-5.552690016,7.62211586,,,,,,,,,,,,,,,110
6,6.3,6.3.2,EN_H2O_WBAMBQ,Proportion of bodies of water with good ambient water quality (%),2019.Q2.G.01,388,Jamaica,29,Caribbean,Country,JAM,1,-77.31068409,18.15616857,PERCENT,Percentage,,,G,Global,,,Environment Live,,C: Country data,92.080000,92.080000,2017,111
6,6.3,6.3.2,EN_H2O_WBAMBQ,Proportion of bodies of water with good ambient water quality (%),2019.Q2.G.01,392,Japan,30,Eastern Asia,Country,JPN,1,139.2716103,36.6554539,PERCENT,Percentage,,,G,Global,,,Environment Live,,C: Country data,37.500000,37.500000,2017,112
6,6.3,6.3.2,EN_H2O_WBAMBQ,Proportion of bodies of water with good ambient water quality (%),2019.Q2.G.01,398,Kazakhstan,143,Central Asia,Country,KAZ,1,66.65359159,48.01963494,,,,,,,,,,,,,,,113
6,6.3,6.3.2,EN_H2O_WBAMBQ,Proportion of bodies of water with good ambient water quality (%),2019.Q2.G.01,400,Jordan,145,Western Asia,Country,JOR,1,37.13024774,30.65365973,,,,,,,,,,,,,,,114
6,6.3,6.3.2,EN_H2O_WBAMBQ,Proportion of bodies of water with good ambient water quality (%),2019.Q2.G.01,404,Kenya,14,Eastern Africa,Country,KEN,1,37.86096816,0.534797278,PERCENT,Percentage,,,G,Global,,,Environment Live,,C: Country data,35.500000,35.500000,2017,115
6,6.3,6.3.2,EN_H2O_WBAMBQ,Proportion of bodies of water with good ambient water quality (%),2019.Q2.G.01,408,Democratic People's Republic of Korea,30,Eastern Asia,Country,PRK,1,127.1803633,40.1462645,,,,,,,,,,,,,,,116
6,6.3,6.3.2,EN_H2O_WBAMBQ,Proportion of bodies of water with good ambient water quality (%),2019.Q2.G.01,410,Republic of Korea,30,Eastern Asia,Country,KOR,1,127.8610254,36.45201023,PERCENT,Percentage,,,G,Global,,,Environment Live,,C: Country data,87.290000,87.290000,2017,117
6,6.3,6.3.2,EN_H2O_WBAMBQ,Proportion of bodies of water with good ambient water quality (%),2019.Q2.G.01,414,Kuwait,145,Western Asia,Country,KWT,1,47.49305029,29.53949468,,,,,,,,,,,,,,,118
6,6.3,6.3.2,EN_H2O_WBAMBQ,Proportion of bodies of water with good ambient water quality (%),2019.Q2.G.01,417,Kyrgyzstan,143,Central Asia,Country,KGZ,1,74.52324839,41.46204516,,,,,,,,,,,,,,,119
6,6.3,6.3.2,EN_H2O_WBAMBQ,Proportion of bodies of water with good ambient water quality (%),2019.Q2.G.01,418,Lao People's Democratic Republic,35,South-Eastern Asia,Country,LAO,1,101.9901968,20.27482773,,,,,,,,,,,,,,,120
6,6.3,6.3.2,EN_H2O_WBAMBQ,Proportion of bodies of water with good ambient water quality (%),2019.Q2.G.01,422,Lebanon,145,Western Asia,Country,LBN,1,35.89391711,33.92152458,PERCENT,Percentage,,,G,Global,,,Environment Live,,C: Country data,50,50,2017,121
6,6.3,6.3.2,EN_H2O_WBAMBQ,Proportion of bodies of water with good ambient water quality (%),2019.Q2.G.01,426,Lesotho,18,Southern Africa,Country,LSO,1,28.25362195,-29.58041814,PERCENT,Percentage,,,G,Global,,,Environment Live,,C: Country data,16.670000,16.670000,2017,122
6,6.3,6.3.2,EN_H2O_WBAMBQ,Proportion of bodies of water with good ambient water quality (%),2019.Q2.G.01,428,Latvia,154,Northern Europe,Country,LVA,1,26.42461876,56.64196636,PERCENT,Percentage,,,G,Global,,,Environment Live,,C: Country data,64.410000,64.410000,2017,123
6,6.3,6.3.2,EN_H2O_WBAMBQ,Proportion of bodies of water with good ambient water quality (%),2019.Q2.G.01,430,Liberia,11,Western Africa,Country,LBR,1,-9.311879038,6.448381009,,,,,,,,,,,,,,,124
6,6.3,6.3.2,EN_H2O_WBAMBQ,Proportion of bodies of water with good ambient water quality (%),2019.Q2.G.01,434,Libya,15,Northern Africa,Country,LBY,1,18.0295985,27.04042819,,,,,,,,,,,,,,,125
6,6.3,6.3.2,EN_H2O_WBAMBQ,Proportion of bodies of water with good ambient water quality (%),2019.Q2.G.01,440,Lithuania,154,Northern Europe,Country,LTU,1,23.90517807,55.33680309,PERCENT,Percentage,,,G,Global,,,Environment Live,,C: Country data,55.390000,55.390000,2017,126
6,6.3,6.3.2,EN_H2O_WBAMBQ,Proportion of bodies of water with good ambient water quality (%),2019.Q2.G.01,442,Luxembourg,155,Western Europe,Country,LUX,1,6.092656563,49.77679538,,,,,,,,,,,,,,,127
6,6.3,6.3.2,EN_H2O_WBAMBQ,Proportion of bodies of water with good ambient water quality (%),2019.Q2.G.01,446,"China, Macao Special Administrative Region",30,Eastern Asia,Country,MAC,0,113.5665388,22.1237259,,,,,,,,,,,,,,,128
6,6.3,6.3.2,EN_H2O_WBAMBQ,Proportion of bodies of water with good ambient water quality (%),2019.Q2.G.01,450,Madagascar,14,Eastern Africa,Country,MDG,1,46.6982339,-19.38514785,PERCENT,Percentage,,,G,Global,,,Environment Live,,C: Country data,90.910000,90.910000,2017,129
6,6.3,6.3.2,EN_H2O_WBAMBQ,Proportion of bodies of water with good ambient water quality (%),2019.Q2.G.01,454,Malawi,14,Eastern Africa,Country,MWI,1,33.4884625,-13.40819859,,,,,,,,,,,,,,,130
6,6.3,6.3.2,EN_H2O_WBAMBQ,Proportion of bodies of water with good ambient water quality (%),2019.Q2.G.01,458,Malaysia,35,South-Eastern Asia,Country,MYS,1,116.8346314,5.452415309,,,,,,,,,,,,,,,131
6,6.3,6.3.2,EN_H2O_WBAMBQ,Proportion of bodies of water with good ambient water quality (%),2019.Q2.G.01,462,Maldives,34,Southern Asia,Country,MDV,1,73.09672546,-0.614385021,,,,,,,,,,,,,,,132
6,6.3,6.3.2,EN_H2O_WBAMBQ,Proportion of bodies of water with good ambient water quality (%),2019.Q2.G.01,466,Mali,11,Western Africa,Country,MLI,1,-3.522016039,17.35311254,,,,,,,,,,,,,,,133
6,6.3,6.3.2,EN_H2O_WBAMBQ,Proportion of bodies of water with good ambient water quality (%),2019.Q2.G.01,470,Malta,39,Southern Europe,Country,MLT,1,14.44617519,35.89194275,,,,,,,,,,,,,,,134
6,6.3,6.3.2,EN_H2O_WBAMBQ,Proportion of bodies of water with good ambient water quality (%),2019.Q2.G.01,474,Martinique,29,Caribbean,Country,MTQ,0,-60.91544135,14.56086108,,,,,,,,,,,,,,,135
6,6.3,6.3.2,EN_H2O_WBAMBQ,Proportion of bodies of water with good ambient water quality (%),2019.Q2.G.01,478,Mauritania,11,Western Africa,Country,MRT,1,-10.33187259,20.26089546,,,,,,,,,,,,,,,136
6,6.3,6.3.2,EN_H2O_WBAMBQ,Proportion of bodies of water with good ambient water quality (%),2019.Q2.G.01,480,Mauritius,14,Eastern Africa,Country,MUS,1,57.568022,-20.28581998,,,,,,,,,,,,,,,137
6,6.3,6.3.2,EN_H2O_WBAMBQ,Proportion of bodies of water with good ambient water quality (%),2019.Q2.G.01,484,Mexico,13,Central America,Country,MEX,1,-102.5148166,23.93378032,,,,,,,,,,,,,,,138
6,6.3,6.3.2,EN_H2O_WBAMBQ,Proportion of bodies of water with good ambient water quality (%),2019.Q2.G.01,492,Monaco,155,Western Europe,Country,MCO,1,7.424214814,43.73532918,,,,,,,,,,,,,,,139
6,6.3,6.3.2,EN_H2O_WBAMBQ,Proportion of bodies of water with good ambient water quality (%),2019.Q2.G.01,496,Mongolia,30,Eastern Asia,Country,MNG,1,103.0728057,46.83892054,,,,,,,,,,,,,,,140
6,6.3,6.3.2,EN_H2O_WBAMBQ,Proportion of bodies of water with good ambient water quality (%),2019.Q2.G.01,498,Republic of Moldova,151,Eastern Europe,Country,MDA,1,28.4650624,47.20236795,,,,,,,,,,,,,,,141
6,6.3,6.3.2,EN_H2O_WBAMBQ,Proportion of bodies of water with good ambient water quality (%),2019.Q2.G.01,499,Montenegro,39,Southern Europe,Country,MNE,1,19.25214024,42.78717043,PERCENT,Percentage,,,G,Global,,,Environment Live,,C: Country data,94.120000,94.120000,2017,142
6,6.3,6.3.2,EN_H2O_WBAMBQ,Proportion of bodies of water with good ambient water quality (%),2019.Q2.G.01,500,Montserrat,29,Caribbean,Country,MSR,0,-62.19261223,16.73558313,,,,,,,,,,,,,,,143
6,6.3,6.3.2,EN_H2O_WBAMBQ,Proportion of bodies of water with good ambient water quality (%),2019.Q2.G.01,504,Morocco,15,Northern Africa,Country,MAR,1,-6.281942841,31.8440131,PERCENT,Percentage,,,G,Global,,,Environment Live,,C: Country data,79.150000,79.150000,2017,144
6,6.3,6.3.2,EN_H2O_WBAMBQ,Proportion of bodies of water with good ambient water quality (%),2019.Q2.G.01,508,Mozambique,14,Eastern Africa,Country,MOZ,1,38.18479941,-14.27963886,,,,,,,,,,,,,,,145
6,6.3,6.3.2,EN_H2O_WBAMBQ,Proportion of bodies of water with good ambient water quality (%),2019.Q2.G.01,512,Oman,145,Western Asia,Country,OMN,1,57.87743482,21.98805614,,,,,,,,,,,,,,,146
6,6.3,6.3.2,EN_H2O_WBAMBQ,Proportion of bodies of water with good ambient water quality (%),2019.Q2.G.01,516,Namibia,18,Southern Africa,Country,NAM,1,17.21907885,-22.13817068,,,,,,,,,,,,,,,147
6,6.3,6.3.2,EN_H2O_WBAMBQ,Proportion of bodies of water with good ambient water quality (%),2019.Q2.G.01,520,Nauru,57,Micronesia,Country,NRU,1,166.92313,-0.528742623,,,,,,,,,,,,,,,148
6,6.3,6.3.2,EN_H2O_WBAMBQ,Proportion of bodies of water with good ambient water quality (%),2019.Q2.G.01,524,Nepal,34,Southern Asia,Country,NPL,1,83.94678863,28.25866332,,,,,,,,,,,,,,,149
6,6.3,6.3.2,EN_H2O_WBAMBQ,Proportion of bodies of water with good ambient water quality (%),2019.Q2.G.01,528,Netherlands,155,Western Europe,Country,NLD,1,5.331480568,51.86728884,PERCENT,Percentage,,,G,Global,,,Environment Live,,C: Country data,52.220000,52.220000,2017,150
6,6.3,6.3.2,EN_H2O_WBAMBQ,Proportion of bodies of water with good ambient water quality (%),2019.Q2.G.01,530,Netherlands Antilles,29,Caribbean,Country,ANT,0,-68.30676179,12.22720635,,,,,,,,,,,,,,,151
6,6.3,6.3.2,EN_H2O_WBAMBQ,Proportion of bodies of water with good ambient water quality (%),2019.Q2.G.01,531,Curaçao,29,Caribbean,Country,CUW,0,-68.95033464,12.15058042,,,,,,,,,,,,,,,152
6,6.3,6.3.2,EN_H2O_WBAMBQ,Proportion of bodies of water with good ambient water quality (%),2019.Q2.G.01,533,Aruba,29,Caribbean,Country,ABW,0,-69.97050586,12.50878756,,,,,,,,,,,,,,,153
6,6.3,6.3.2,EN_H2O_WBAMBQ,Proportion of bodies of water with good ambient water quality (%),2019.Q2.G.01,534,Sint Maarten (Dutch part),29,Caribbean,Country,SXM,0,-63.06198692,18.03926508,,,,,,,,,,,,,,,154
6,6.3,6.3.2,EN_H2O_WBAMBQ,Proportion of bodies of water with good ambient water quality (%),2019.Q2.G.01,540,New Caledonia,54,Melanesia,Country,NCL,0,165.5067368,-21.41742531,,,,,,,,,,,,,,,155
6,6.3,6.3.2,EN_H2O_WBAMBQ,Proportion of bodies of water with good ambient water quality (%),2019.Q2.G.01,548,Vanuatu,54,Melanesia,Country,VUT,1,167.0679779,-15.34445547,,,,,,,,,,,,,,,156
6,6.3,6.3.2,EN_H2O_WBAMBQ,Proportion of bodies of water with good ambient water quality (%),2019.Q2.G.01,554,New Zealand,53,Australia and New Zealand,Country,NZL,1,170.4755673,-43.98721568,,,,,,,,,,,,,,,157
6,6.3,6.3.2,EN_H2O_WBAMBQ,Proportion of bodies of water with good ambient water quality (%),2019.Q2.G.01,558,Nicaragua,13,Central America,Country,NIC,1,-85.03060315,12.84210839,,,,,,,,,,,,,,,158
6,6.3,6.3.2,EN_H2O_WBAMBQ,Proportion of bodies of water with good ambient water quality (%),2019.Q2.G.01,562,Niger,11,Western Africa,Country,NER,1,9.400167877,17.42143036,,,,,,,,,,,,,,,159
6,6.3,6.3.2,EN_H2O_WBAMBQ,Proportion of bodies of water with good ambient water quality (%),2019.Q2.G.01,566,Nigeria,11,Western Africa,Country,NGA,1,8.097363256,9.585789025,PERCENT,Percentage,,,G,Global,,,Environment Live,,C: Country data,52.460000,52.460000,2017,160
6,6.3,6.3.2,EN_H2O_WBAMBQ,Proportion of bodies of water with good ambient water quality (%),2019.Q2.G.01,570,Niue,61,Polynesia,Country,NIU,0,-169.8601693,-19.05000475,,,,,,,,,,,,,,,161
6,6.3,6.3.2,EN_H2O_WBAMBQ,Proportion of bodies of water with good ambient water quality (%),2019.Q2.G.01,574,Norfolk Island,53,Australia and New Zealand,Country,NFK,0,167.9515548,-29.03230018,,,,,,,,,,,,,,,162
6,6.3,6.3.2,EN_H2O_WBAMBQ,Proportion of bodies of water with good ambient water quality (%),2019.Q2.G.01,578,Norway,154,Northern Europe,Country,NOR,1,11.47846389,61.34311134,,,,,,,,,,,,,,,163
6,6.3,6.3.2,EN_H2O_WBAMBQ,Proportion of bodies of water with good ambient water quality (%),2019.Q2.G.01,580,Northern Mariana Islands,57,Micronesia,Country,MNP,0,145.7582114,15.19099517,,,,,,,,,,,,,,,164
6,6.3,6.3.2,EN_H2O_WBAMBQ,Proportion of bodies of water with good ambient water quality (%),2019.Q2.G.01,581,United States Minor Outlying Islands,57,Micronesia,Country,UMI,0,-162.4343752,5.874443968,,,,,,,,,,,,,,,165
6,6.3,6.3.2,EN_H2O_WBAMBQ,Proportion of bodies of water with good ambient water quality (%),2019.Q2.G.01,583,Micronesia (Federated States of),57,Micronesia,Country,FSM,1,158.225216,6.880670092,,,,,,,,,,,,,,,166
6,6.3,6.3.2,EN_H2O_WBAMBQ,Proportion of bodies of water with good ambient water quality (%),2019.Q2.G.01,584,Marshall Islands,57,Micronesia,Country,MHL,1,171.0839119,7.110213497,PERCENT,Percentage,,,G,Global,,,Environment Live,,C: Country data,100,100,2017,167
6,6.3,6.3.2,EN_H2O_WBAMBQ,Proportion of bodies of water with good ambient water quality (%),2019.Q2.G.01,585,Palau,57,Micronesia,Country,PLW,1,134.5733878,7.502307591,,,,,,,,,,,,,,,168
6,6.3,6.3.2,EN_H2O_WBAMBQ,Proportion of bodies of water with good ambient water quality (%),2019.Q2.G.01,586,Pakistan,34,Southern Asia,Country,PAK,1,68.80479684,29.36491634,,,,,,,,,,,,,,,169
6,6.3,6.3.2,EN_H2O_WBAMBQ,Proportion of bodies of water with good ambient water quality (%),2019.Q2.G.01,591,Panama,13,Central America,Country,PAN,1,-81.26616623,8.450965746,,,,,,,,,,,,,,,170
6,6.3,6.3.2,EN_H2O_WBAMBQ,Proportion of bodies of water with good ambient water quality (%),2019.Q2.G.01,598,Papua New Guinea,54,Melanesia,Country,PNG,1,145.8587761,-6.756057077,,,,,,,,,,,,,,,171
6,6.3,6.3.2,EN_H2O_WBAMBQ,Proportion of bodies of water with good ambient water quality (%),2019.Q2.G.01,600,Paraguay,5,South America,Country,PRY,1,-60.54854225,-21.70216237,,,,,,,,,,,,,,,172
6,6.3,6.3.2,EN_H2O_WBAMBQ,Proportion of bodies of water with good ambient water quality (%),2019.Q2.G.01,604,Peru,5,South America,Country,PER,1,-71.82093277,-13.58939705,PERCENT,Percentage,,,G,Global,,,Environment Live,,C: Country data,36.840000,36.840000,2017,173
6,6.3,6.3.2,EN_H2O_WBAMBQ,Proportion of bodies of water with good ambient water quality (%),2019.Q2.G.01,608,Philippines,35,South-Eastern Asia,Country,PHL,1,120.8601418,14.16591706,,,,,,,,,,,,,,,174
6,6.3,6.3.2,EN_H2O_WBAMBQ,Proportion of bodies of water with good ambient water quality (%),2019.Q2.G.01,612,Pitcairn,61,Polynesia,Country,PCN,0,-128.3225873,-24.37538456,,,,,,,,,,,,,,,175
6,6.3,6.3.2,EN_H2O_WBAMBQ,Proportion of bodies of water with good ambient water quality (%),2019.Q2.G.01,616,Poland,151,Eastern Europe,Country,POL,1,19.40660158,52.1226733,PERCENT,Percentage,,,G,Global,,,Environment Live,,C: Country data,33.710000,33.710000,2017,176
6,6.3,6.3.2,EN_H2O_WBAMBQ,Proportion of bodies of water with good ambient water quality (%),2019.Q2.G.01,620,Portugal,39,Southern Europe,Country,PRT,1,-7.961599811,39.68509315,,,,,,,,,,,,,,,177
6,6.3,6.3.2,EN_H2O_WBAMBQ,Proportion of bodies of water with good ambient water quality (%),2019.Q2.G.01,624,Guinea-Bissau,11,Western Africa,Country,GNB,1,-14.40182514,12.11760394,,,,,,,,,,,,,,,178
6,6.3,6.3.2,EN_H2O_WBAMBQ,Proportion of bodies of water with good ambient water quality (%),2019.Q2.G.01,626,Timor-Leste,35,South-Eastern Asia,Country,TLS,1,125.9451052,-8.797497247,,,,,,,,,,,,,,,179
6,6.3,6.3.2,EN_H2O_WBAMBQ,Proportion of bodies of water with good ambient water quality (%),2019.Q2.G.01,630,Puerto Rico,29,Caribbean,Country,PRI,0,-66.47591017,18.22753799,,,,,,,,,,,,,,,180
6,6.3,6.3.2,EN_H2O_WBAMBQ,Proportion of bodies of water with good ambient water quality (%),2019.Q2.G.01,634,Qatar,145,Western Asia,Country,QAT,1,51.19152467,25.28355379,,,,,,,,,,,,,,,181
6,6.3,6.3.2,EN_H2O_WBAMBQ,Proportion of bodies of water with good ambient water quality (%),2019.Q2.G.01,638,Réunion,14,Eastern Africa,Country,REU,0,55.53171398,-21.13183266,,,,,,,,,,,,,,,182
6,6.3,6.3.2,EN_H2O_WBAMBQ,Proportion of bodies of water with good ambient water quality (%),2019.Q2.G.01,642,Romania,151,Eastern Europe,Country,ROU,1,24.98481009,45.83893563,PERCENT,Percentage,,,G,Global,,,Environment Live,,C: Country data,61.370000,61.370000,2017,183
6,6.3,6.3.2,EN_H2O_WBAMBQ,Proportion of bodies of water with good ambient water quality (%),2019.Q2.G.01,643,Russian Federation,151,Eastern Europe,Country,RUS,1,99.01404926,61.61899849,,,,,,,,,,,,,,,184
6,6.3,6.3.2,EN_H2O_WBAMBQ,Proportion of bodies of water with good ambient water quality (%),2019.Q2.G.01,646,Rwanda,14,Eastern Africa,Country,RWA,1,29.92310194,-1.999842114,PERCENT,Percentage,,,G,Global,,,Environment Live,,C: Country data,30,30,2017,185
6,6.3,6.3.2,EN_H2O_WBAMBQ,Proportion of bodies of water with good ambient water quality (%),2019.Q2.G.01,652,Saint Barthélemy,29,Caribbean,Country,BLM,0,-62.83173536,17.89513362,,,,,,,,,,,,,,,186
6,6.3,6.3.2,EN_H2O_WBAMBQ,Proportion of bodies of water with good ambient water quality (%),2019.Q2.G.01,654,Saint Helena,11,Western Africa,Country,SHN,0,-5.705752501,-15.96503946,,,,,,,,,,,,,,,187
6,6.3,6.3.2,EN_H2O_WBAMBQ,Proportion of bodies of water with good ambient water quality (%),2019.Q2.G.01,659,Saint Kitts and Nevis,29,Caribbean,Country,KNA,1,-62.76628613,17.33994219,,,,,,,,,,,,,,,188
6,6.3,6.3.2,EN_H2O_WBAMBQ,Proportion of bodies of water with good ambient water quality (%),2019.Q2.G.01,660,Anguilla,29,Caribbean,Country,AIA,0,-63.05651612,18.21525315,,,,,,,,,,,,,,,189
6,6.3,6.3.2,EN_H2O_WBAMBQ,Proportion of bodies of water with good ambient water quality (%),2019.Q2.G.01,662,Saint Lucia,29,Caribbean,Country,LCA,1,-60.96529553,13.89405601,,,,,,,,,,,,,,,190
6,6.3,6.3.2,EN_H2O_WBAMBQ,Proportion of bodies of water with good ambient water quality (%),2019.Q2.G.01,663,Saint Martin (French Part),29,Caribbean,Country,MAF,0,-63.04505461,18.0882685,,,,,,,,,,,,,,,191
6,6.3,6.3.2,EN_H2O_WBAMBQ,Proportion of bodies of water with good ambient water quality (%),2019.Q2.G.01,666,Saint Pierre and Miquelon,21,Northern America,Country,SPM,0,-56.33682442,46.85812735,,,,,,,,,,,,,,,192
6,6.3,6.3.2,EN_H2O_WBAMBQ,Proportion of bodies of water with good ambient water quality (%),2019.Q2.G.01,670,Saint Vincent and the Grenadines,29,Caribbean,Country,VCT,1,-61.19024321,13.24627968,,,,,,,,,,,,,,,193
6,6.3,6.3.2,EN_H2O_WBAMBQ,Proportion of bodies of water with good ambient water quality (%),2019.Q2.G.01,674,San Marino,39,Southern Europe,Country,SMR,1,12.46329038,43.93841766,,,,,,,,,,,,,,,194
6,6.3,6.3.2,EN_H2O_WBAMBQ,Proportion of bodies of water with good ambient water quality (%),2019.Q2.G.01,678,Sao Tome and Principe,17,Middle Africa,Country,STP,1,6.609772265,0.241554875,,,,,,,,,,,,,,,195
6,6.3,6.3.2,EN_H2O_WBAMBQ,Proportion of bodies of water with good ambient water quality (%),2019.Q2.G.01,682,Saudi Arabia,145,Western Asia,Country,SAU,1,44.54763347,24.12594211,,,,,,,,,,,,,,,196
6,6.3,6.3.2,EN_H2O_WBAMBQ,Proportion of bodies of water with good ambient water quality (%),2019.Q2.G.01,686,Senegal,11,Western Africa,Country,SEN,1,-14.46636926,14.35920905,,,,,,,,,,,,,,,197
6,6.3,6.3.2,EN_H2O_WBAMBQ,Proportion of bodies of water with good ambient water quality (%),2019.Q2.G.01,688,Serbia,39,Southern Europe,Country,SRB,1,20.805876,44.03145697,,,,,,,,,,,,,,,198
6,6.3,6.3.2,EN_H2O_WBAMBQ,Proportion of bodies of water with good ambient water quality (%),2019.Q2.G.01,690,Seychelles,14,Eastern Africa,Country,SYC,1,55.46561591,-4.678053059,,,,,,,,,,,,,,,199
6,6.3,6.3.2,EN_H2O_WBAMBQ,Proportion of bodies of water with good ambient water quality (%),2019.Q2.G.01,694,Sierra Leone,11,Western Africa,Country,SLE,1,-11.78306584,8.568604164,,,,,,,,,,,,,,,200
6,6.3,6.3.2,EN_H2O_WBAMBQ,Proportion of bodies of water with good ambient water quality (%),2019.Q2.G.01,702,Singapore,35,South-Eastern Asia,Country,SGP,1,103.8107883,1.361009155,,,,,,,,,,,,,,,201
6,6.3,6.3.2,EN_H2O_WBAMBQ,Proportion of bodies of water with good ambient water quality (%),2019.Q2.G.01,703,Slovakia,151,Eastern Europe,Country,SVK,1,19.48495604,48.70741446,,,,,,,,,,,,,,,202
6,6.3,6.3.2,EN_H2O_WBAMBQ,Proportion of bodies of water with good ambient water quality (%),2019.Q2.G.01,704,Viet Nam,35,South-Eastern Asia,Country,VNM,1,105.802499,10.09643079,,,,,,,,,,,,,,,203
6,6.3,6.3.2,EN_H2O_WBAMBQ,Proportion of bodies of water with good ambient water quality (%),2019.Q2.G.01,705,Slovenia,39,Southern Europe,Country,SVN,1,14.82209486,46.11958061,PERCENT,Percentage,,,G,Global,,,Environment Live,,C: Country data,75.810000,75.810000,2017,204
6,6.3,6.3.2,EN_H2O_WBAMBQ,Proportion of bodies of water with good ambient water quality (%),2019.Q2.G.01,706,Somalia,14,Eastern Africa,Country,SOM,1,46.20367477,4.406485729,,,,,,,,,,,,,,,205
6,6.3,6.3.2,EN_H2O_WBAMBQ,Proportion of bodies of water with good ambient water quality (%),2019.Q2.G.01,710,South Africa,18,Southern Africa,Country,ZAF,1,24.67184355,-29.99957544,PERCENT,Percentage,,,G,Global,,,Environment Live,,C: Country data,46.920000,46.920000,2017,206
6,6.3,6.3.2,EN_H2O_WBAMBQ,Proportion of bodies of water with good ambient water quality (%),2019.Q2.G.01,716,Zimbabwe,14,Eastern Africa,Country,ZWE,1,29.86909584,-19.00075492,PERCENT,Percentage,,,G,Global,,,Environment Live,,C: Country data,76.470000,76.470000,2017,207
6,6.3,6.3.2,EN_H2O_WBAMBQ,Proportion of bodies of water with good ambient water quality (%),2019.Q2.G.01,724,Spain,39,Southern Europe,Country,ESP,1,-3.554078296,40.39211472,,,,,,,,,,,,,,,208
6,6.3,6.3.2,EN_H2O_WBAMBQ,Proportion of bodies of water with good ambient water quality (%),2019.Q2.G.01,728,South Sudan,14,Eastern Africa,Country,SSD,1,30.32618773,7.290839152,,,,,,,,,,,,,,,209
6,6.3,6.3.2,EN_H2O_WBAMBQ,Proportion of bodies of water with good ambient water quality (%),2019.Q2.G.01,729,Sudan,15,Northern Africa,Country,SDN,0,29.95650159,16.02643066,PERCENT,Percentage,,,G,Global,,,Environment Live,,C: Country data,86.050000,86.050000,2017,210
6,6.3,6.3.2,EN_H2O_WBAMBQ,Proportion of bodies of water with good ambient water quality (%),2019.Q2.G.01,732,Western Sahara,15,Northern Africa,Country,ESH,0,-13.13515523,24.66265342,,,,,,,,,,,,,,,211
6,6.3,6.3.2,EN_H2O_WBAMBQ,Proportion of bodies of water with good ambient water quality (%),2019.Q2.G.01,740,Suriname,5,South America,Country,SUR,1,-55.90626394,4.132603197,,,,,,,,,,,,,,,212
6,6.3,6.3.2,EN_H2O_WBAMBQ,Proportion of bodies of water with good ambient water quality (%),2019.Q2.G.01,744,Svalbard and Jan Mayen Islands,154,Northern Europe,Country,SJM,0,13.38071013,78.82894131,,,,,,,,,,,,,,,213
6,6.3,6.3.2,EN_H2O_WBAMBQ,Proportion of bodies of water with good ambient water quality (%),2019.Q2.G.01,748,Eswatini,18,Southern Africa,Country,SWZ,1,31.50149288,-26.56471011,,,,,,,,,,,,,,,214
6,6.3,6.3.2,EN_H2O_WBAMBQ,Proportion of bodies of water with good ambient water quality (%),2019.Q2.G.01,752,Sweden,154,Northern Europe,Country,SWE,1,14.3775338,60.60103109,PERCENT,Percentage,,,G,Global,,,Environment Live,,C: Country data,45.130000,45.130000,2017,215
6,6.3,6.3.2,EN_H2O_WBAMBQ,Proportion of bodies of water with good ambient water quality (%),2019.Q2.G.01,756,Switzerland,155,Western Europe,Country,CHE,1,8.223158,46.96617097,PERCENT,Percentage,,,G,Global,,,Environment Live,,C: Country data,100,100,2017,216
6,6.3,6.3.2,EN_H2O_WBAMBQ,Proportion of bodies of water with good ambient water quality (%),2019.Q2.G.01,760,Syrian Arab Republic,145,Western Asia,Country,SYR,1,38.50466565,35.01676176,,,,,,,,,,,,,,,217
6,6.3,6.3.2,EN_H2O_WBAMBQ,Proportion of bodies of water with good ambient water quality (%),2019.Q2.G.01,762,Tajikistan,143,Central Asia,Country,TJK,1,69.294998,38.43069666,,,,,,,,,,,,,,,218
6,6.3,6.3.2,EN_H2O_WBAMBQ,Proportion of bodies of water with good ambient water quality (%),2019.Q2.G.01,764,Thailand,35,South-Eastern Asia,Country,THA,1,101.0202951,15.13089239,,,,,,,,,,,,,,,219
6,6.3,6.3.2,EN_H2O_WBAMBQ,Proportion of bodies of water with good ambient water quality (%),2019.Q2.G.01,768,Togo,11,Western Africa,Country,TGO,1,0.97835765,8.532096072,,,,,,,,,,,,,,,220
6,6.3,6.3.2,EN_H2O_WBAMBQ,Proportion of bodies of water with good ambient water quality (%),2019.Q2.G.01,772,Tokelau,61,Polynesia,Country,TKL,0,-171.8154473,-9.214545558,,,,,,,,,,,,,,,221
6,6.3,6.3.2,EN_H2O_WBAMBQ,Proportion of bodies of water with good ambient water quality (%),2019.Q2.G.01,776,Tonga,61,Polynesia,Country,TON,1,-175.1959991,-21.19511329,,,,,,,,,,,,,,,222
6,6.3,6.3.2,EN_H2O_WBAMBQ,Proportion of bodies of water with good ambient water quality (%),2019.Q2.G.01,780,Trinidad and Tobago,29,Caribbean,Country,TTO,1,-61.29389504,10.41877263,,,,,,,,,,,,,,,223
6,6.3,6.3.2,EN_H2O_WBAMBQ,Proportion of bodies of water with good ambient water quality (%),2019.Q2.G.01,784,United Arab Emirates,145,Western Asia,Country,ARE,1,53.98279159,23.43322219,,,,,,,,,,,,,,,224
6,6.3,6.3.2,EN_H2O_WBAMBQ,Proportion of bodies of water with good ambient water quality (%),2019.Q2.G.01,788,Tunisia,15,Northern Africa,Country,TUN,1,9.572737411,34.11439971,,,,,,,,,,,,,,,225
6,6.3,6.3.2,EN_H2O_WBAMBQ,Proportion of bodies of water with good ambient water quality (%),2019.Q2.G.01,792,Turkey,145,Western Asia,Country,TUR,1,35.42890329,38.9899684,,,,,,,,,,,,,,,226
6,6.3,6.3.2,EN_H2O_WBAMBQ,Proportion of bodies of water with good ambient water quality (%),2019.Q2.G.01,795,Turkmenistan,143,Central Asia,Country,TKM,1,58.9787665,40.0912346,,,,,,,,,,,,,,,227
6,6.3,6.3.2,EN_H2O_WBAMBQ,Proportion of bodies of water with good ambient water quality (%),2019.Q2.G.01,796,Turks and Caicos Islands,29,Caribbean,Country,TCA,0,-71.745121,21.80780585,,,,,,,,,,,,,,,228
6,6.3,6.3.2,EN_H2O_WBAMBQ,Proportion of bodies of water with good ambient water quality (%),2019.Q2.G.01,798,Tuvalu,61,Polynesia,Country,TUV,1,178.6679611,-7.460048071,,,,,,,,,,,,,,,229
6,6.3,6.3.2,EN_H2O_WBAMBQ,Proportion of bodies of water with good ambient water quality (%),2019.Q2.G.01,800,Uganda,14,Eastern Africa,Country,UGA,1,32.39100438,1.279557331,,,,,,,,,,,,,,,230
6,6.3,6.3.2,EN_H2O_WBAMBQ,Proportion of bodies of water with good ambient water quality (%),2019.Q2.G.01,804,Ukraine,151,Eastern Europe,Country,UKR,1,31.40270802,49.00735945,,,,,,,,,,,,,,,231
6,6.3,6.3.2,EN_H2O_WBAMBQ,Proportion of bodies of water with good ambient water quality (%),2019.Q2.G.01,807,North Macedonia,39,Southern Europe,Country,MKD,1,21.7007909,41.60048068,PERCENT,Percentage,,,G,Global,,,Environment Live,,C: Country data,8.700000,8.700000,2017,232
6,6.3,6.3.2,EN_H2O_WBAMBQ,Proportion of bodies of water with good ambient water quality (%),2019.Q2.G.01,818,Egypt,15,Northern Africa,Country,EGY,1,29.77468534,26.57438204,,,,,,,,,,,,,,,233
6,6.3,6.3.2,EN_H2O_WBAMBQ,Proportion of bodies of water with good ambient water quality (%),2019.Q2.G.01,826,United Kingdom of Great Britain and Northern Ireland,154,Northern Europe,Country,GBR,1,-2.23830539,53.27691757,,,,,,,,,,,,,,,234
6,6.3,6.3.2,EN_H2O_WBAMBQ,Proportion of bodies of water with good ambient water quality (%),2019.Q2.G.01,831,Guernsey,830,Channel Islands,Country,GGY,0,-2.200712402,49.71561166,,,,,,,,,,,,,,,235
6,6.3,6.3.2,EN_H2O_WBAMBQ,Proportion of bodies of water with good ambient water quality (%),2019.Q2.G.01,832,Jersey,830,Channel Islands,Country,JEY,0,-2.136773508,49.22353354,,,,,,,,,,,,,,,236
6,6.3,6.3.2,EN_H2O_WBAMBQ,Proportion of bodies of water with good ambient water quality (%),2019.Q2.G.01,833,Isle of Man,154,Northern Europe,Country,IMN,0,-4.538190305,54.22880901,,,,,,,,,,,,,,,237
6,6.3,6.3.2,EN_H2O_WBAMBQ,Proportion of bodies of water with good ambient water quality (%),2019.Q2.G.01,834,United Republic of Tanzania,14,Eastern Africa,Country,TZA,1,34.80521182,-6.265332606,PERCENT,Percentage,,,G,Global,,,Environment Live,,C: Country data,0,0,2017,238
6,6.3,6.3.2,EN_H2O_WBAMBQ,Proportion of bodies of water with good ambient water quality (%),2019.Q2.G.01,840,United States of America,21,Northern America,Country,USA,1,-99.13830311,39.5277871,,,,,,,,,,,,,,,239
6,6.3,6.3.2,EN_H2O_WBAMBQ,Proportion of bodies of water with good ambient water quality (%),2019.Q2.G.01,850,United States Virgin Islands,29,Caribbean,Country,VIR,0,-64.76960113,17.73297693,,,,,,,,,,,,,,,240
6,6.3,6.3.2,EN_H2O_WBAMBQ,Proportion of bodies of water with good ambient water quality (%),2019.Q2.G.01,854,Burkina Faso,11,Western Africa,Country,BFA,1,-1.742843829,12.27491081,,,,,,,,,,,,,,,241
6,6.3,6.3.2,EN_H2O_WBAMBQ,Proportion of bodies of water with good ambient water quality (%),2019.Q2.G.01,858,Uruguay,5,South America,Country,URY,1,-56.01387025,-32.8002838,,,,,,,,,,,,,,,242
6,6.3,6.3.2,EN_H2O_WBAMBQ,Proportion of bodies of water with good ambient water quality (%),2019.Q2.G.01,860,Uzbekistan,143,Central Asia,Country,UZB,1,63.11944558,41.77560518,,,,,,,,,,,,,,,243
6,6.3,6.3.2,EN_H2O_WBAMBQ,Proportion of bodies of water with good ambient water quality (%),2019.Q2.G.01,862,Venezuela (Bolivarian Republic of),5,South America,Country,VEN,1,-66.15642084,7.121324748,,,,,,,,,,,,,,,244
6,6.3,6.3.2,EN_H2O_WBAMBQ,Proportion of bodies of water with good ambient water quality (%),2019.Q2.G.01,876,Wallis and Futuna Islands,61,Polynesia,Country,WLF,0,-176.2034788,-13.28471201,,,,,,,,,,,,,,,245
6,6.3,6.3.2,EN_H2O_WBAMBQ,Proportion of bodies of water with good ambient water quality (%),2019.Q2.G.01,882,Samoa,61,Polynesia,Country,WSM,1,-172.4430749,-13.61541469,,,,,,,,,,,,,,,246
6,6.3,6.3.2,EN_H2O_WBAMBQ,Proportion of bodies of water with good ambient water quality (%),2019.Q2.G.01,887,Yemen,145,Western Asia,Country,YEM,1,45.22389143,15.22242099,,,,,,,,,,,,,,,247
6,6.3,6.3.2,EN_H2O_WBAMBQ,Proportion of bodies of water with good ambient water quality (%),2019.Q2.G.01,894,Zambia,14,Eastern Africa,Country,ZMB,1,27.850329,-14.59701056,,,,,,,,,,,,,,,248
